-190.66,874.33,112.45
-190.66,874.33,112.45
-190.66,874.33,112.45
-190.66,874.33,112.45
-190.66,874.33,112.45
-139.33,888.9,98.4
-139.33,888.9,98.4
-139.33,888.9,98.4
-139.33,888.9,98.4
-139.33,888.9,98.4
-139.33,888.9,98.4
-139.33,888.9,98.4
-139.33,888.9,98.4
-139.33,888.9,98.4
-139.33,888.9,98.4
-139.33,888.9,98.4
-139.33,888.9,98.4
-139.33,888.9,98.4
-139.33,888.9,98.4
-139.33,888.9,98.4
-139.33,888.9,98.4
-139.33,888.9,98.4
-139.33,888.9,98.4
-139.33,888.9,98.4
-139.33,888.9,98.4
-139.33,888.9,98.4
-139.33,888.9,98.4
-139.33,888.9,98.4
-139.33,888.9,98.4
-139.33,888.9,98.4
-139.33,888.9,98.4
-139.33,888.9,98.4
-139.33,888.9,98.4
-139.33,888.9,98.4
-139.33,888.9,98.4
-139.33,888.9,98.4
-139.33,888.9,98.4
-139.33,888.9,98.4
-139.33,888.9,98.4
-139.33,888.9,98.4
-139.33,888.9,98.4
-139.33,888.9,98.4
-139.33,888.9,98.4
-139.33,888.9,98.4
-59.397003,209.841,80.124
-88.0,903.48,84.34
-88.0,903.48,84.34
-88.0,903.48,84.34
-88.0,903.48,84.34
-88.0,903.48,84.34
-88.0,903.48,84.34
-88.0,903.48,84.34
-88.0,903.48,84.34
-88.0,903.48,84.34
-88.0,903.48,84.34
-88.0,903.48,84.34
-88.0,903.48,84.34
-88.0,903.48,84.34
-88.0,903.48,84.34
-88.0,903.48,84.34
-88.0,903.48,84.34
-88.0,903.48,84.34
-88.0,903.48,84.34
-88.0,903.48,84.34
-88.0,903.48,84.34
-88.0,903.48,84.34
-88.0,903.48,84.34
-88.0,903.48,84.34
-88.0,903.48,84.34
-88.0,903.48,84.34
-88.0,903.48,84.34
-88.0,903.48,84.34
-88.0,903.48,84.34
-88.0,903.48,84.34
-88.0,903.48,84.34
-88.0,903.48,84.34
-88.0,903.48,84.34
-88.0,903.48,84.34
0.0,910.76,-14.06
0.0,910.76,-14.06
0.0,910.76,-14.06
0.0,910.76,-14.06
0.0,910.76,-14.06
0.0,910.76,-14.06
0.0,910.76,-14.06
0.0,910.76,-14.06
0.0,910.76,-14.06
0.0,910.76,-14.06
0.0,910.76,-14.06
0.0,910.76,-14.06
0.0,910.76,-14.06
0.0,910.76,-14.06
0.0,910.76,-14.06
0.0,910.76,-14.06
0.0,910.76,-14.06
0.0,910.76,-14.06
0.0,910.76,-14.06
0.0,910.76,-14.06
0.0,910.76,-14.06
0.0,910.76,-14.06
0.0,910.76,-14.06
0.0,910.76,-14.06
0.0,910.76,-14.06
0.0,910.76,-14.06
0.0,910.76,-14.06
0.0,910.76,-14.06
0.0,910.76,-14.06
0.0,910.76,-14.06
0.0,910.76,-14.06
0.0,910.76,-14.06
0.0,910.76,-14.06
0.0,910.76,-14.06
0.0,910.76,-14.06
0.0,910.76,-14.06
0.0,910.76,-14.06
0.0,910.76,-14.06
0.0,910.76,-14.06
0.0,910.76,-14.06
0.0,910.76,-14.06
0.0,910.76,-14.06
0.0,910.76,-14.06
0.0,910.76,-14.06
0.0,910.76,-14.06
0.0,910.76,-14.06
0.0,910.76,-14.06
0.0,910.76,-14.06
0.0,910.76,-14.06
0.0,910.76,-14.06
0.0,910.76,-14.06
36.66,932.62,-126.51
36.66,932.62,-126.51
36.66,932.62,-126.51
36.66,932.62,-126.51
36.66,932.62,-126.51
36.66,932.62,-126.51
36.66,932.62,-126.51
36.66,932.62,-126.51
36.66,932.62,-126.51
36.66,932.62,-126.51
36.66,932.62,-126.51
36.66,932.62,-126.51
36.66,932.62,-126.51
36.66,932.62,-126.51
36.66,932.62,-126.51
36.66,932.62,-126.51
36.66,932.62,-126.51
36.66,932.62,-126.51
36.66,932.62,-126.51
36.66,932.62,-126.51
36.66,932.62,-126.51
36.66,932.62,-126.51
36.66,932.62,-126.51
36.66,932.62,-126.51
36.66,932.62,-126.51
36.66,932.62,-126.51
36.66,932.62,-126.51
36.66,932.62,-126.51
36.66,932.62,-126.51
36.66,932.62,-126.51
36.66,932.62,-126.51
36.66,932.62,-126.51
36.66,932.62,-126.51
36.66,932.62,-126.51
36.66,932.62,-126.51
36.66,932.62,-126.51
36.66,932.62,-126.51
36.66,932.62,-126.51
36.66,932.62,-126.51
36.66,932.62,-126.51
36.66,932.62,-126.51
36.66,932.62,-126.51
36.66,932.62,-126.51
36.66,932.62,-126.51
-7.33,947.19,-203.82
-7.33,947.19,-203.82
-7.33,947.19,-203.82
-7.33,947.19,-203.82
-7.33,947.19,-203.82
-7.33,947.19,-203.82
-7.33,947.19,-203.82
-7.33,947.19,-203.82
-7.33,947.19,-203.82
-7.33,947.19,-203.82
-7.33,947.19,-203.82
-7.33,947.19,-203.82
-7.33,947.19,-203.82
-7.33,947.19,-203.82
-7.33,947.19,-203.82
-7.33,947.19,-203.82
-7.33,947.19,-203.82
-7.33,947.19,-203.82
-7.33,947.19,-203.82
-7.33,947.19,-203.82
-7.33,947.19,-203.82
-7.33,947.19,-203.82
-7.33,947.19,-203.82
-7.33,947.19,-203.82
-7.33,947.19,-203.82
-7.33,947.19,-203.82
-7.33,947.19,-203.82
-7.33,947.19,-203.82
-7.33,947.19,-203.82
-7.33,947.19,-203.82
-7.33,947.19,-203.82
-7.33,947.19,-203.82
-7.33,947.19,-203.82
-7.33,947.19,-203.82
-7.33,947.19,-203.82
-7.33,947.19,-203.82
-7.33,947.19,-203.82
-7.33,947.19,-203.82
-7.33,947.19,-203.82
-58.66,954.48,-267.08
-58.66,954.48,-267.08
-58.66,954.48,-267.08
-58.66,954.48,-267.08
-58.66,954.48,-267.08
-58.66,954.48,-267.08
-58.66,954.48,-267.08
-58.66,954.48,-267.08
-58.66,954.48,-267.08
-58.66,954.48,-267.08
-58.66,954.48,-267.08
-58.66,954.48,-267.08
-58.66,954.48,-267.08
-58.66,954.48,-267.08
-58.66,954.48,-267.08
-58.66,954.48,-267.08
-58.66,954.48,-267.08
-58.66,954.48,-267.08
-58.66,954.48,-267.08
-58.66,954.48,-267.08
-58.66,954.48,-267.08
-58.66,954.48,-267.08
-58.66,954.48,-267.08
-58.66,954.48,-267.08
-58.66,954.48,-267.08
-58.66,954.48,-267.08
-58.66,954.48,-267.08
-58.66,954.48,-267.08
-58.66,954.48,-267.08
-58.66,954.48,-267.08
-58.66,954.48,-267.08
-58.66,954.48,-267.08
-58.66,954.48,-267.08
-58.66,954.48,-267.08
-58.66,954.48,-267.08
-58.66,954.48,-267.08
-58.66,954.48,-267.08
-58.66,954.48,-267.08
-58.66,954.48,-267.08
-58.66,954.48,-267.08
-58.66,954.48,-267.08
-95.33,961.76,-274.11
-95.33,961.76,-274.11
-95.33,961.76,-274.11
-95.33,961.76,-274.11
-95.33,961.76,-274.11
-95.33,961.76,-274.11
-95.33,961.76,-274.11
-95.33,961.76,-274.11
-95.33,961.76,-274.11
-95.33,961.76,-274.11
-95.33,961.76,-274.11
-95.33,961.76,-274.11
-95.33,961.76,-274.11
-95.33,961.76,-274.11
-95.33,961.76,-274.11
-95.33,961.76,-274.11
-95.33,961.76,-274.11
-95.33,961.76,-274.11
-95.33,961.76,-274.11
-95.33,961.76,-274.11
-95.33,961.76,-274.11
-95.33,961.76,-274.11
-95.33,961.76,-274.11
-95.33,961.76,-274.11
-95.33,961.76,-274.11
-95.33,961.76,-274.11
-95.33,961.76,-274.11
-95.33,961.76,-274.11
-95.33,961.76,-274.11
-95.33,961.76,-274.11
-95.33,961.76,-274.11
-95.33,961.76,-274.11
-95.33,961.76,-274.11
-95.33,961.76,-274.11
-95.33,961.76,-274.11
-146.66,969.05,-281.14
-146.66,969.05,-281.14
-146.66,969.05,-281.14
-146.66,969.05,-281.14
-146.66,969.05,-281.14
-146.66,969.05,-281.14
-146.66,969.05,-281.14
-146.66,969.05,-281.14
-146.66,969.05,-281.14
-146.66,969.05,-281.14
-146.66,969.05,-281.14
-146.66,969.05,-281.14
-146.66,969.05,-281.14
-146.66,969.05,-281.14
-146.66,969.05,-281.14
-146.66,969.05,-281.14
-146.66,969.05,-281.14
-146.66,969.05,-281.14
-146.66,969.05,-281.14
-146.66,969.05,-281.14
-146.66,969.05,-281.14
-146.66,969.05,-281.14
-146.66,969.05,-281.14
-146.66,969.05,-281.14
-146.66,969.05,-281.14
-146.66,969.05,-281.14
-146.66,969.05,-281.14
-146.66,969.05,-281.14
-146.66,969.05,-281.14
-146.66,969.05,-281.14
-146.66,969.05,-281.14
-146.66,969.05,-281.14
-146.66,969.05,-281.14
-146.66,969.05,-281.14
-146.66,969.05,-281.14
-146.66,969.05,-281.14
-146.66,969.05,-281.14
-146.66,969.05,-281.14
-146.66,969.05,-281.14
-146.66,969.05,-281.14
-146.66,969.05,-281.14
-146.66,969.05,-281.14
-146.66,969.05,-281.14
-131.99,976.34,-288.16
-131.99,976.34,-288.16
-131.99,976.34,-288.16
-131.99,976.34,-288.16
-131.99,976.34,-288.16
-131.99,976.34,-288.16
-131.99,976.34,-288.16
-131.99,976.34,-288.16
-131.99,976.34,-288.16
-131.99,976.34,-288.16
-131.99,976.34,-288.16
-131.99,976.34,-288.16
-131.99,976.34,-288.16
-131.99,976.34,-288.16
-131.99,976.34,-288.16
-131.99,976.34,-288.16
-131.99,976.34,-288.16
-131.99,976.34,-288.16
-131.99,976.34,-288.16
-131.99,976.34,-288.16
-131.99,976.34,-288.16
-131.99,976.34,-288.16
-131.99,976.34,-288.16
-131.99,976.34,-288.16
-131.99,976.34,-288.16
-131.99,976.34,-288.16
-131.99,976.34,-288.16
-131.99,976.34,-288.16
-131.99,976.34,-288.16
-131.99,976.34,-288.16
-131.99,976.34,-288.16
-131.99,976.34,-288.16
-131.99,976.34,-288.16
-131.99,976.34,-288.16
-131.99,976.34,-288.16
-131.99,976.34,-288.16
-131.99,976.34,-288.16
-131.99,976.34,-288.16
-131.99,976.34,-288.16
-131.99,976.34,-288.16
-131.99,976.34,-288.16
-131.99,976.34,-288.16
-131.99,976.34,-288.16
-131.99,976.34,-288.16
-131.99,976.34,-288.16
-131.99,976.34,-288.16
-102.66,954.48,-288.16
-102.66,954.48,-288.16
-102.66,954.48,-288.16
-102.66,954.48,-288.16
-102.66,954.48,-288.16
-102.66,954.48,-288.16
-102.66,954.48,-288.16
-102.66,139.893,82.233
-102.66,954.48,-288.16
-102.66,954.48,-288.16
-102.66,954.48,-288.16
-102.66,954.48,-288.16
-102.66,954.48,-288.16
-102.66,954.48,-288.16
-102.66,954.48,-288.16
-102.66,954.48,-288.16
-102.66,954.48,-288.16
-102.66,954.48,-288.16
-102.66,954.48,-288.16
-102.66,954.48,-288.16
-102.66,954.48,-288.16
-102.66,954.48,-288.16
-102.66,954.48,-288.16
-102.66,954.48,-288.16
-102.66,954.48,-288.16
-102.66,954.48,-288.16
-102.66,954.48,-288.16
-102.66,954.48,-288.16
-102.66,954.48,-288.16
-102.66,954.48,-288.16
-102.66,954.48,-288.16
-102.66,954.48,-288.16
-102.66,954.48,-288.16
-102.66,954.48,-288.16
-102.66,954.48,-288.16
-102.66,954.48,-288.16
-102.66,954.48,-288.16
-102.66,954.48,-288.16
-102.66,954.48,-288.16
-102.66,954.48,-288.16
-102.66,954.48,-288.16
-102.66,954.48,-288.16
-22.0,954.48,-224.91
-22.0,954.48,-224.91
-22.0,954.48,-224.91
-22.0,954.48,-224.91
-22.0,954.48,-224.91
-22.0,954.48,-224.91
-22.0,954.48,-224.91
-22.0,954.48,-224.91
-22.0,954.48,-224.91
-22.0,954.48,-224.91
-22.0,954.48,-224.91
-22.0,954.48,-224.91
-22.0,954.48,-224.91
-22.0,954.48,-224.91
-22.0,954.48,-224.91
-22.0,954.48,-224.91
-22.0,954.48,-224.91
-22.0,954.48,-224.91
-22.0,954.48,-224.91
-22.0,954.48,-224.91
-22.0,954.48,-224.91
-22.0,954.48,-224.91
-22.0,954.48,-224.91
-22.0,954.48,-224.91
-22.0,954.48,-224.91
-22.0,954.48,-224.91
-22.0,954.48,-224.91
-22.0,954.48,-224.91
-22.0,954.48,-224.91
-22.0,954.48,-224.91
-22.0,954.48,-224.91
-22.0,954.48,-224.91
-22.0,954.48,-224.91
-22.0,954.48,-224.91
-22.0,954.48,-224.91
-22.0,954.48,-224.91
-22.0,954.48,-224.91
-22.0,954.48,-224.91
-22.0,954.48,-224.91
-22.0,954.48,-224.91
-22.0,954.48,-224.91
-22.0,954.48,-224.91
-22.0,954.48,-224.91
-22.0,954.48,-224.91
-22.0,954.48,-224.91
-22.0,954.48,-224.91
-22.0,954.48,-224.91
-22.0,954.48,-224.91
-22.0,954.48,-224.91
-7.33,932.62,-98.4
-7.33,932.62,-98.4
-7.33,932.62,-98.4
-7.33,932.62,-98.4
-7.33,932.62,-98.4
-7.33,932.62,-98.4
-7.33,932.62,-98.4
-7.33,932.62,-98.4
-7.33,932.62,-98.4
-7.33,932.62,-98.4
-7.33,932.62,-98.4
-7.33,932.62,-98.4
-7.33,932.62,-98.4
-7.33,932.62,-98.4
-7.33,932.62,-98.4
-7.33,932.62,-98.4
-7.33,932.62,-98.4
-7.33,932.62,-98.4
-7.33,932.62,-98.4
-7.33,932.62,-98.4
-7.33,932.62,-98.4
-43.998,290.715,-84.34201
-7.33,932.62,-98.4
-7.33,932.62,-98.4
-7.33,932.62,-98.4
-7.33,932.62,-98.4
-7.33,932.62,-98.4
-7.33,932.62,-98.4
-7.33,932.62,-98.4
-7.33,932.62,-98.4
-7.33,932.62,-98.4
-7.33,932.62,-98.4
-7.33,932.62,-98.4
-7.33,932.62,-98.4
-7.33,932.62,-98.4
-7.33,932.62,-98.4
-7.33,932.62,-98.4
-7.33,932.62,-98.4
-7.33,932.62,-98.4
-7.33,932.62,-98.4
-7.33,932.62,-98.4
-7.33,932.62,-98.4
-95.33,925.33,21.09
-95.33,925.33,21.09
-95.33,925.33,21.09
-95.33,925.33,21.09
-95.33,925.33,21.09
-95.33,925.33,21.09
-95.33,925.33,21.09
-95.33,925.33,21.09
-95.33,925.33,21.09
-95.33,925.33,21.09
-95.33,925.33,21.09
-95.33,925.33,21.09
-95.33,925.33,21.09
-95.33,925.33,21.09
-95.33,925.33,21.09
-95.33,925.33,21.09
-95.33,925.33,21.09
-95.33,925.33,21.09
-95.33,925.33,21.09
-95.33,925.33,21.09
-95.33,925.33,21.09
-95.33,925.33,21.09
-95.33,925.33,21.09
-95.33,925.33,21.09
-95.33,925.33,21.09
-95.33,925.33,21.09
-95.33,925.33,21.09
-95.33,925.33,21.09
-95.33,925.33,21.09
-95.33,925.33,21.09
-95.33,925.33,21.09
-95.33,925.33,21.09
-95.33,925.33,21.09
-95.33,925.33,21.09
-95.33,925.33,21.09
-95.33,925.33,21.09
-95.33,925.33,21.09
-95.33,925.33,21.09
-95.33,925.33,21.09
-95.33,925.33,21.09
-95.33,925.33,21.09
-95.33,925.33,21.09
-95.33,925.33,21.09
-95.33,925.33,21.09
-146.66,925.33,49.2
-146.66,925.33,49.2
-146.66,925.33,49.2
-146.66,925.33,49.2
-146.66,925.33,49.2
-146.66,925.33,49.2
-146.66,925.33,49.2
-146.66,925.33,49.2
-146.66,925.33,49.2
-146.66,925.33,49.2
-146.66,925.33,49.2
-146.66,925.33,49.2
-146.66,925.33,49.2
-146.66,925.33,49.2
-146.66,925.33,49.2
-146.66,925.33,49.2
-146.66,925.33,49.2
-146.66,925.33,49.2
-146.66,925.33,49.2
-146.66,925.33,49.2
-146.66,925.33,49.2
-146.66,925.33,49.2
-146.66,925.33,49.2
-146.66,925.33,49.2
-146.66,925.33,49.2
-146.66,925.33,49.2
-146.66,925.33,49.2
-146.66,925.33,49.2
-146.66,925.33,49.2
-146.66,925.33,49.2
-146.66,925.33,49.2
-146.66,925.33,49.2
-146.66,925.33,49.2
-146.66,925.33,49.2
-146.66,925.33,49.2
-146.66,925.33,49.2
-146.66,925.33,49.2
-146.66,925.33,49.2
-146.66,925.33,49.2
-146.66,925.33,49.2
-146.66,925.33,49.2
-146.66,925.33,49.2
-146.66,925.33,49.2
-146.66,925.33,49.2
-146.66,925.33,49.2
-146.66,925.33,49.2
-278.65,918.05,56.23
-278.65,918.05,56.23
-278.65,918.05,56.23
-278.65,918.05,56.23
-278.65,918.05,56.23
-278.65,918.05,56.23
-278.65,918.05,56.23
-278.65,918.05,56.23
-278.65,918.05,56.23
-278.65,918.05,56.23
-278.65,918.05,56.23
-278.65,918.05,56.23
-278.65,918.05,56.23
-278.65,918.05,56.23
-278.65,918.05,56.23
-278.65,918.05,56.23
-278.65,918.05,56.23
-278.65,918.05,56.23
-278.65,918.05,56.23
-278.65,918.05,56.23
-278.65,918.05,56.23
-278.65,918.05,56.23
-278.65,918.05,56.23
-278.65,918.05,56.23
-278.65,918.05,56.23
-278.65,918.05,56.23
-278.65,918.05,56.23
-278.65,918.05,56.23
-278.65,918.05,56.23
-278.65,918.05,56.23
-278.65,918.05,56.23
-278.65,918.05,56.23
-278.65,918.05,56.23
-278.65,918.05,56.23
-278.65,918.05,56.23
-278.65,918.05,56.23
-300.65,910.76,63.26
-300.65,910.76,63.26
-300.65,910.76,63.26
-300.65,910.76,63.26
-300.65,910.76,63.26
-300.65,910.76,63.26
-300.65,910.76,63.26
-300.65,910.76,63.26
-300.65,910.76,63.26
-300.65,910.76,63.26
-300.65,910.76,63.26
-300.65,910.76,63.26
-300.65,910.76,63.26
-300.65,910.76,63.26
-300.65,910.76,63.26
-300.65,910.76,63.26
-300.65,910.76,63.26
-300.65,910.76,63.26
-300.65,910.76,63.26
-300.65,910.76,63.26
-300.65,910.76,63.26
-300.65,910.76,63.26
-300.65,910.76,63.26
-300.65,910.76,63.26
-300.65,910.76,63.26
-300.65,910.76,63.26
-300.65,910.76,63.26
-300.65,910.76,63.26
-300.65,910.76,63.26
-300.65,910.76,63.26
-300.65,910.76,63.26
-300.65,910.76,63.26
-300.65,910.76,63.26
-300.65,910.76,63.26
-300.65,910.76,63.26
-300.65,910.76,63.26
-337.32,925.33,7.03
-337.32,925.33,7.03
-337.32,925.33,7.03
-337.32,925.33,7.03
-337.32,925.33,7.03
-337.32,925.33,7.03
-337.32,925.33,7.03
-337.32,925.33,7.03
-337.32,925.33,7.03
-337.32,925.33,7.03
-337.32,925.33,7.03
-337.32,925.33,7.03
-337.32,925.33,7.03
-337.32,925.33,7.03
-337.32,925.33,7.03
-337.32,925.33,7.03
-337.32,925.33,7.03
-337.32,925.33,7.03
-337.32,925.33,7.03
-337.32,925.33,7.03
-337.32,925.33,7.03
-337.32,925.33,7.03
-337.32,925.33,7.03
-337.32,925.33,7.03
-337.32,925.33,7.03
-337.32,925.33,7.03
-337.32,925.33,7.03
-337.32,925.33,7.03
-337.32,925.33,7.03
-337.32,925.33,7.03
-337.32,925.33,7.03
-337.32,925.33,7.03
-337.32,925.33,7.03
-337.32,925.33,7.03
-337.32,925.33,7.03
-337.32,925.33,7.03
-337.32,925.33,7.03
-337.32,925.33,7.03
-337.32,925.33,7.03
-337.32,925.33,7.03
-337.32,925.33,7.03
-337.32,925.33,7.03
-337.32,925.33,7.03
-337.32,925.33,7.03
-337.32,925.33,7.03
-337.32,925.33,7.03
-337.32,925.33,7.03
-366.65,932.62,-21.09
-366.65,932.62,-21.09
-366.65,932.62,-21.09
-366.65,932.62,-21.09
-366.65,932.62,-21.09
-366.65,932.62,-21.09
-366.65,932.62,-21.09
-366.65,932.62,-21.09
-366.65,932.62,-21.09
-366.65,932.62,-21.09
-366.65,932.62,-21.09
-366.65,932.62,-21.09
-366.65,932.62,-21.09
-366.65,932.62,-21.09
-366.65,932.62,-21.09
-366.65,932.62,-21.09
-366.65,932.62,-21.09
-366.65,932.62,-21.09
-366.65,932.62,-21.09
-366.65,932.62,-21.09
-366.65,932.62,-21.09
-366.65,932.62,-21.09
-366.65,932.62,-21.09
-366.65,932.62,-21.09
-366.65,932.62,-21.09
-366.65,932.62,-21.09
-366.65,932.62,-21.09
-366.65,932.62,-21.09
-366.65,932.62,-21.09
-366.65,932.62,-21.09
-366.65,932.62,-21.09
-366.65,932.62,-21.09
-366.65,932.62,-21.09
-366.65,932.62,-21.09
-366.65,932.62,-21.09
-366.65,932.62,-21.09
-366.65,932.62,-21.09
-366.65,932.62,-21.09
-366.65,932.62,-21.09
-366.65,932.62,-21.09
-366.65,932.62,-21.09
-366.65,932.62,-21.09
-366.65,932.62,-21.09
-373.98,910.76,0.0
-373.98,910.76,0.0
-373.98,910.76,0.0
-373.98,910.76,0.0
-373.98,910.76,0.0
-373.98,910.76,0.0
-373.98,910.76,0.0
0.0,157.38,80.124
-373.98,910.76,0.0
-373.98,910.76,0.0
-373.98,910.76,0.0
-373.98,910.76,0.0
-373.98,910.76,0.0
-373.98,910.76,0.0
-373.98,910.76,0.0
-373.98,910.76,0.0
-373.98,910.76,0.0
-373.98,910.76,0.0
-373.98,910.76,0.0
-373.98,910.76,0.0
-373.98,910.76,0.0
-373.98,910.76,0.0
-373.98,910.76,0.0
-373.98,910.76,0.0
-373.98,910.76,0.0
-373.98,910.76,0.0
-373.98,910.76,0.0
-373.98,910.76,0.0
-373.98,910.76,0.0
-373.98,910.76,0.0
-373.98,910.76,0.0
-373.98,910.76,0.0
-373.98,910.76,0.0
-373.98,910.76,0.0
-46.197002,111.477005,-158.139
-373.98,910.76,0.0
-373.98,910.76,0.0
-373.98,910.76,0.0
-373.98,910.76,0.0
-373.98,910.76,0.0
-373.98,910.76,0.0
-373.98,910.76,0.0
-373.98,910.76,0.0
-373.98,910.76,0.0
-388.65,910.76,-7.03
-388.65,910.76,-7.03
-388.65,910.76,-7.03
-388.65,910.76,-7.03
-388.65,910.76,-7.03
-388.65,910.76,-7.03
-388.65,910.76,-7.03
-388.65,910.76,-7.03
-388.65,910.76,-7.03
-388.65,910.76,-7.03
-388.65,910.76,-7.03
-388.65,910.76,-7.03
-388.65,910.76,-7.03
-388.65,910.76,-7.03
-388.65,910.76,-7.03
-388.65,910.76,-7.03
-388.65,910.76,-7.03
-388.65,910.76,-7.03
-388.65,910.76,-7.03
-388.65,910.76,-7.03
-388.65,910.76,-7.03
-388.65,910.76,-7.03
-388.65,910.76,-7.03
-388.65,910.76,-7.03
-388.65,910.76,-7.03
-388.65,910.76,-7.03
-388.65,910.76,-7.03
-388.65,910.76,-7.03
-388.65,910.76,-7.03
-388.65,910.76,-7.03
-388.65,910.76,-7.03
-388.65,910.76,-7.03
-388.65,910.76,-7.03
-388.65,910.76,-7.03
-388.65,910.76,-7.03
-388.65,910.76,-7.03
-388.65,910.76,-7.03
-388.65,910.76,-7.03
-439.98,910.76,-63.26
-439.98,910.76,-63.26
-439.98,910.76,-63.26
-439.98,910.76,-63.26
-439.98,910.76,-63.26
-439.98,910.76,-63.26
-439.98,910.76,-63.26
-439.98,910.76,-63.26
-439.98,910.76,-63.26
-439.98,910.76,-63.26
-439.98,910.76,-63.26
-439.98,910.76,-63.26
-439.98,910.76,-63.26
-439.98,910.76,-63.26
-439.98,910.76,-63.26
-439.98,910.76,-63.26
-439.98,910.76,-63.26
-439.98,910.76,-63.26
-439.98,910.76,-63.26
-439.98,910.76,-63.26
-439.98,910.76,-63.26
-439.98,910.76,-63.26
-439.98,910.76,-63.26
-90.195,273.22803,18.978
-439.98,910.76,-63.26
-439.98,910.76,-63.26
-439.98,910.76,-63.26
-439.98,910.76,-63.26
-439.98,910.76,-63.26
-439.98,910.76,-63.26
-439.98,910.76,-63.26
-439.98,910.76,-63.26
-439.98,910.76,-63.26
-439.98,910.76,-63.26
-439.98,910.76,-63.26
-439.98,910.76,-63.26
-439.98,910.76,-63.26
-439.98,910.76,-63.26
-439.98,910.76,-63.26
-439.98,910.76,-63.26
-439.98,932.62,-210.85
-439.98,932.62,-210.85
-439.98,932.62,-210.85
-439.98,932.62,-210.85
-439.98,932.62,-210.85
-439.98,932.62,-210.85
-439.98,932.62,-210.85
-439.98,932.62,-210.85
-439.98,932.62,-210.85
-439.98,932.62,-210.85
-439.98,932.62,-210.85
-439.98,932.62,-210.85
-439.98,932.62,-210.85
-439.98,932.62,-210.85
-439.98,932.62,-210.85
-439.98,932.62,-210.85
-439.98,932.62,-210.85
-439.98,932.62,-210.85
-439.98,932.62,-210.85
-439.98,932.62,-210.85
-439.98,932.62,-210.85
-439.98,932.62,-210.85
-439.98,932.62,-210.85
-439.98,932.62,-210.85
-439.98,932.62,-210.85
-439.98,932.62,-210.85
-439.98,932.62,-210.85
-439.98,932.62,-210.85
-439.98,932.62,-210.85
-439.98,932.62,-210.85
-439.98,932.62,-210.85
-439.98,932.62,-210.85
-439.98,932.62,-210.85
-439.98,932.62,-210.85
-439.98,932.62,-210.85
-381.31,918.05,-309.25
-381.31,918.05,-309.25
-381.31,918.05,-309.25
-381.31,918.05,-309.25
-381.31,918.05,-309.25
-381.31,918.05,-309.25
-381.31,918.05,-309.25
-381.31,918.05,-309.25
-381.31,918.05,-309.25
-381.31,918.05,-309.25
-381.31,918.05,-309.25
-381.31,918.05,-309.25
-381.31,918.05,-309.25
-381.31,918.05,-309.25
-381.31,918.05,-309.25
-381.31,918.05,-309.25
-381.31,918.05,-309.25
-381.31,918.05,-309.25
-381.31,918.05,-309.25
-381.31,918.05,-309.25
-381.31,918.05,-309.25
-381.31,918.05,-309.25
-381.31,918.05,-309.25
-381.31,918.05,-309.25
-381.31,918.05,-309.25
-381.31,918.05,-309.25
-381.31,918.05,-309.25
-381.31,918.05,-309.25
-381.31,918.05,-309.25
-381.31,918.05,-309.25
-381.31,918.05,-309.25
-381.31,918.05,-309.25
-381.31,918.05,-309.25
-381.31,918.05,-309.25
-381.31,918.05,-309.25
-381.31,918.05,-309.25
-381.31,918.05,-309.25
-381.31,918.05,-309.25
-381.31,918.05,-309.25
-381.31,918.05,-309.25
-381.31,918.05,-309.25
-381.31,918.05,-309.25
-381.31,918.05,-309.25
-381.31,918.05,-309.25
-381.31,918.05,-309.25
-381.31,918.05,-309.25
-278.65,918.05,-358.45
-278.65,918.05,-358.45
-278.65,918.05,-358.45
-278.65,918.05,-358.45
-278.65,918.05,-358.45
-278.65,918.05,-358.45
-278.65,918.05,-358.45
-278.65,918.05,-358.45
-278.65,918.05,-358.45
-278.65,918.05,-358.45
-278.65,918.05,-358.45
-278.65,918.05,-358.45
-278.65,918.05,-358.45
-278.65,918.05,-358.45
-278.65,918.05,-358.45
-278.65,918.05,-358.45
-278.65,918.05,-358.45
-278.65,918.05,-358.45
-278.65,918.05,-358.45
-278.65,918.05,-358.45
-278.65,918.05,-358.45
-278.65,918.05,-358.45
-278.65,918.05,-358.45
-278.65,918.05,-358.45
-278.65,918.05,-358.45
-278.65,918.05,-358.45
-278.65,918.05,-358.45
-278.65,918.05,-358.45
-278.65,918.05,-358.45
-278.65,918.05,-358.45
-278.65,918.05,-358.45
-278.65,918.05,-358.45
-278.65,918.05,-358.45
-278.65,918.05,-358.45
-278.65,918.05,-358.45
-153.99,102.01,-295.19
-153.99,102.01,-295.19
-153.99,102.01,-295.19
-153.99,102.01,-295.19
-153.99,102.01,-295.19
-153.99,102.01,-295.19
-153.99,102.01,-295.19
-153.99,102.01,-295.19
-153.99,102.01,-295.19
-153.99,102.01,-295.19
-153.99,102.01,-295.19
-153.99,102.01,-295.19
-124.66,80.15,-274.11
-124.66,80.15,-274.11
-124.66,80.15,-274.11
-124.66,80.15,-274.11
-124.66,80.15,-274.11
-124.66,80.15,-274.11
-124.66,80.15,-274.11
-124.66,80.15,-274.11
-124.66,80.15,-274.11
-124.66,80.15,-274.11
-124.66,80.15,-274.11
-124.66,80.15,-274.11
-124.66,80.15,-274.11
-124.66,80.15,-274.11
-124.66,80.15,-274.11
-124.66,80.15,-274.11
-124.66,80.15,-274.11
-124.66,80.15,-274.11
-124.66,80.15,-274.11
-124.66,80.15,-274.11
-124.66,80.15,-274.11
-124.66,80.15,-274.11
-124.66,80.15,-274.11
-124.66,80.15,-274.11
-124.66,80.15,-274.11
-124.66,80.15,-274.11
-124.66,80.15,-274.11
-124.66,80.15,-274.11
-124.66,80.15,-274.11
-124.66,80.15,-274.11
-124.66,80.15,-274.11
-124.66,80.15,-274.11
-124.66,80.15,-274.11
-124.66,80.15,-274.11
-124.66,80.15,-274.11
-124.66,80.15,-274.11
-124.66,80.15,-274.11
-124.66,80.15,-274.11
-124.66,80.15,-274.11
-80.66,116.58,-274.11
-80.66,116.58,-274.11
-80.66,116.58,-274.11
-80.66,116.58,-274.11
-80.66,116.58,-274.11
-80.66,116.58,-274.11
-80.66,116.58,-274.11
-80.66,116.58,-274.11
-80.66,116.58,-274.11
-80.66,116.58,-274.11
-80.66,116.58,-274.11
-80.66,116.58,-274.11
-80.66,116.58,-274.11
-80.66,116.58,-274.11
-80.66,116.58,-274.11
-80.66,116.58,-274.11
-80.66,116.58,-274.11
-80.66,116.58,-274.11
-80.66,116.58,-274.11
-80.66,116.58,-274.11
-80.66,116.58,-274.11
-80.66,116.58,-274.11
-80.66,116.58,-274.11
-80.66,116.58,-274.11
-80.66,116.58,-274.11
-46.197002,113.66401,-156.03
-80.66,116.58,-274.11
-80.66,116.58,-274.11
-80.66,116.58,-274.11
-80.66,116.58,-274.11
-80.66,116.58,-274.11
-80.66,116.58,-274.11
-80.66,116.58,-274.11
-80.66,116.58,-274.11
-80.66,116.58,-274.11
-80.66,116.58,-274.11
-80.66,116.58,-274.11
-80.66,116.58,-274.11
-80.66,116.58,-274.11
-80.66,116.58,-274.11
-80.66,116.58,-274.11
15.399001,166.12201,-151.81201
-36.66,109.29,-224.91
-36.66,109.29,-224.91
-36.66,109.29,-224.91
-36.66,109.29,-224.91
-36.66,109.29,-224.91
-36.66,109.29,-224.91
-36.66,109.29,-224.91
-36.66,109.29,-224.91
-36.66,109.29,-224.91
-36.66,109.29,-224.91
-36.66,109.29,-224.91
-36.66,109.29,-224.91
-36.66,109.29,-224.91
-36.66,109.29,-224.91
-36.66,109.29,-224.91
-36.66,109.29,-224.91
-36.66,109.29,-224.91
-36.66,109.29,-224.91
-36.66,109.29,-224.91
-36.66,109.29,-224.91
-36.66,109.29,-224.91
-36.66,109.29,-224.91
-36.66,109.29,-224.91
-36.66,109.29,-224.91
-36.66,109.29,-224.91
-36.66,109.29,-224.91
-26.400002,271.044,25.302
-36.66,109.29,-224.91
-36.66,109.29,-224.91
-36.66,109.29,-224.91
-36.66,109.29,-224.91
-36.66,109.29,-224.91
-36.66,109.29,-224.91
-36.66,109.29,-224.91
-36.66,109.29,-224.91
-36.66,109.29,-224.91
-36.66,109.29,-224.91
-36.66,109.29,-224.91
-36.66,109.29,-224.91
-36.66,109.29,-224.91
-36.66,58.29,-105.43
-36.66,58.29,-105.43
-36.66,58.29,-105.43
-36.66,58.29,-105.43
-36.66,58.29,-105.43
-36.66,58.29,-105.43
-36.66,58.29,-105.43
-36.66,58.29,-105.43
-36.66,58.29,-105.43
-36.66,58.29,-105.43
-36.66,58.29,-105.43
-36.66,58.29,-105.43
-36.66,58.29,-105.43
-36.66,58.29,-105.43
-36.66,58.29,-105.43
-36.66,58.29,-105.43
-36.66,58.29,-105.43
-36.66,58.29,-105.43
-36.66,58.29,-105.43
-90.195,273.22803,18.978
-36.66,58.29,-105.43
-36.66,58.29,-105.43
-36.66,58.29,-105.43
-36.66,58.29,-105.43
-36.66,58.29,-105.43
-36.66,58.29,-105.43
-109.995,279.786,-6.327
-36.66,58.29,-105.43
-36.66,58.29,-105.43
-36.66,58.29,-105.43
-36.66,58.29,-105.43
-36.66,58.29,-105.43
-36.66,58.29,-105.43
-36.66,58.29,-105.43
-36.66,58.29,-105.43
-36.66,58.29,-105.43
-36.66,58.29,-105.43
-102.66,65.57,63.26
-102.66,65.57,63.26
-102.66,65.57,63.26
-102.66,65.57,63.26
-102.66,65.57,63.26
-102.66,65.57,63.26
-102.66,65.57,63.26
-102.66,65.57,63.26
-102.66,65.57,63.26
-102.66,65.57,63.26
-102.66,65.57,63.26
-102.66,65.57,63.26
-102.66,65.57,63.26
-102.66,65.57,63.26
-102.66,65.57,63.26
-102.66,65.57,63.26
-102.66,65.57,63.26
-102.66,65.57,63.26
-102.66,65.57,63.26
-102.66,65.57,63.26
-102.66,65.57,63.26
-102.66,65.57,63.26
-102.66,65.57,63.26
-102.66,65.57,63.26
-102.66,65.57,63.26
-102.66,65.57,63.26
-102.66,65.57,63.26
-102.66,65.57,63.26
-102.66,65.57,63.26
-102.66,65.57,63.26
-102.66,65.57,63.26
-102.66,65.57,63.26
-102.66,65.57,63.26
-102.66,65.57,63.26
-102.66,65.57,63.26
-102.66,65.57,63.26
-102.66,65.57,63.26
-102.66,65.57,63.26
-102.66,65.57,63.26
-102.66,65.57,63.26
-102.66,65.57,63.26
-102.66,65.57,63.26
-102.66,65.57,63.26
-102.66,65.57,63.26
-102.66,65.57,63.26
-102.66,65.57,63.26
-102.66,65.57,63.26
-227.32,80.15,84.34
-227.32,80.15,84.34
-227.32,80.15,84.34
-227.32,80.15,84.34
-227.32,80.15,84.34
-227.32,80.15,84.34
-227.32,80.15,84.34
-227.32,80.15,84.34
-227.32,80.15,84.34
-227.32,80.15,84.34
-227.32,80.15,84.34
-227.32,80.15,84.34
-227.32,80.15,84.34
-227.32,80.15,84.34
-227.32,80.15,84.34
-227.32,80.15,84.34
-227.32,80.15,84.34
-227.32,80.15,84.34
-227.32,80.15,84.34
-227.32,80.15,84.34
-227.32,80.15,84.34
-227.32,80.15,84.34
-227.32,80.15,84.34
-227.32,80.15,84.34
-227.32,80.15,84.34
-227.32,80.15,84.34
-227.32,80.15,84.34
-227.32,80.15,84.34
-227.32,80.15,84.34
-227.32,80.15,84.34
-227.32,80.15,84.34
-227.32,80.15,84.34
-227.32,80.15,84.34
-227.32,80.15,84.34
-227.32,80.15,84.34
-227.32,80.15,84.34
-227.32,80.15,84.34
-227.32,80.15,84.34
-227.32,80.15,84.34
-227.32,80.15,84.34
-227.32,80.15,84.34
-227.32,80.15,84.34
-300.65,94.72,84.34
-300.65,94.72,84.34
-300.65,94.72,84.34
-300.65,94.72,84.34
-300.65,94.72,84.34
-300.65,94.72,84.34
-300.65,94.72,84.34
-300.65,94.72,84.34
-300.65,94.72,84.34
-300.65,94.72,84.34
-300.65,94.72,84.34
-300.65,94.72,84.34
-300.65,94.72,84.34
-300.65,94.72,84.34
-300.65,94.72,84.34
-300.65,94.72,84.34
-300.65,94.72,84.34
-300.65,94.72,84.34
-300.65,94.72,84.34
-300.65,94.72,84.34
-300.65,94.72,84.34
-300.65,94.72,84.34
-300.65,94.72,84.34
-300.65,94.72,84.34
-300.65,94.72,84.34
-300.65,94.72,84.34
-300.65,94.72,84.34
-300.65,94.72,84.34
-300.65,94.72,84.34
-300.65,94.72,84.34
-300.65,94.72,84.34
-300.65,94.72,84.34
-300.65,94.72,84.34
-300.65,94.72,84.34
-300.65,94.72,84.34
-300.65,94.72,84.34
-300.65,94.72,84.34
-300.65,94.72,84.34
-300.65,94.72,84.34
-300.65,94.72,84.34
-300.65,94.72,84.34
-300.65,94.72,84.34
-300.65,94.72,84.34
-263.99,80.15,77.31
-263.99,80.15,77.31
-263.99,80.15,77.31
-263.99,80.15,77.31
-263.99,80.15,77.31
-263.99,80.15,77.31
-263.99,80.15,77.31
-263.99,80.15,77.31
-263.99,80.15,77.31
-263.99,80.15,77.31
-263.99,80.15,77.31
-263.99,80.15,77.31
-263.99,80.15,77.31
-263.99,80.15,77.31
-263.99,80.15,77.31
-263.99,80.15,77.31
-263.99,80.15,77.31
-263.99,80.15,77.31
-263.99,80.15,77.31
-263.99,80.15,77.31
-263.99,80.15,77.31
-263.99,80.15,77.31
-263.99,80.15,77.31
-263.99,80.15,77.31
-263.99,80.15,77.31
-263.99,80.15,77.31
-263.99,80.15,77.31
-263.99,80.15,77.31
-263.99,80.15,77.31
-263.99,80.15,77.31
-263.99,80.15,77.31
-263.99,80.15,77.31
-263.99,80.15,77.31
-263.99,80.15,77.31
-263.99,80.15,77.31
-263.99,80.15,77.31
-263.99,80.15,77.31
-263.99,80.15,77.31
-263.99,80.15,77.31
-263.99,80.15,77.31
-263.99,80.15,77.31
-263.99,80.15,77.31
-263.99,80.15,77.31
-263.99,80.15,77.31
-263.99,80.15,77.31
-263.99,80.15,77.31
-263.99,80.15,77.31
-197.99,80.15,112.45
-197.99,80.15,112.45
-197.99,80.15,112.45
-197.99,80.15,112.45
-197.99,80.15,112.45
-197.99,80.15,112.45
-197.99,80.15,112.45
-197.99,80.15,112.45
-197.99,80.15,112.45
-197.99,80.15,112.45
-197.99,80.15,112.45
-197.99,80.15,112.45
-197.99,80.15,112.45
-197.99,80.15,112.45
-197.99,80.15,112.45
-197.99,80.15,112.45
-197.99,80.15,112.45
-197.99,80.15,112.45
-197.99,80.15,112.45
-197.99,80.15,112.45
-197.99,80.15,112.45
-197.99,80.15,112.45
-197.99,80.15,112.45
-197.99,80.15,112.45
-197.99,80.15,112.45
-197.99,80.15,112.45
-197.99,80.15,112.45
-197.99,80.15,112.45
-197.99,80.15,112.45
-197.99,80.15,112.45
-197.99,80.15,112.45
-197.99,80.15,112.45
-197.99,80.15,112.45
-197.99,80.15,112.45
-197.99,80.15,112.45
-197.99,80.15,112.45
-57.198,85.248,82.233
-197.99,80.15,112.45
-197.99,80.15,112.45
-197.99,80.15,112.45
-197.99,80.15,112.45
-197.99,80.15,112.45
-197.99,80.15,112.45
-197.99,80.15,112.45
-197.99,80.15,112.45
-80.66,94.72,98.4
-80.66,94.72,98.4
-80.66,94.72,98.4
-80.66,94.72,98.4
-80.66,94.72,98.4
-80.66,94.72,98.4
-80.66,94.72,98.4
-80.66,94.72,98.4
-80.66,94.72,98.4
-80.66,94.72,98.4
-80.66,94.72,98.4
-80.66,94.72,98.4
-80.66,94.72,98.4
-80.66,94.72,98.4
-80.66,94.72,98.4
-80.66,94.72,98.4
-80.66,94.72,98.4
-80.66,94.72,98.4
-80.66,94.72,98.4
-80.66,94.72,98.4
-80.66,94.72,98.4
-80.66,94.72,98.4
-80.66,94.72,98.4
-80.66,94.72,98.4
-80.66,94.72,98.4
-80.66,94.72,98.4
-80.66,94.72,98.4
-80.66,94.72,98.4
-80.66,94.72,98.4
-80.66,94.72,98.4
-80.66,94.72,98.4
-80.66,94.72,98.4
-80.66,94.72,98.4
-80.66,94.72,98.4
-80.66,94.72,98.4
-80.66,94.72,98.4
-80.66,94.72,98.4
-80.66,94.72,98.4
-80.66,94.72,98.4
-80.66,94.72,98.4
-80.66,94.72,98.4
-80.66,94.72,98.4
-80.66,94.72,98.4
-80.66,94.72,98.4
-80.66,94.72,98.4
29.33,102.01,7.03
29.33,102.01,7.03
29.33,102.01,7.03
29.33,102.01,7.03
29.33,102.01,7.03
29.33,102.01,7.03
29.33,102.01,7.03
29.33,102.01,7.03
29.33,102.01,7.03
29.33,102.01,7.03
29.33,102.01,7.03
29.33,102.01,7.03
29.33,102.01,7.03
29.33,102.01,7.03
29.33,102.01,7.03
29.33,102.01,7.03
29.33,102.01,7.03
29.33,102.01,7.03
29.33,102.01,7.03
29.33,102.01,7.03
29.33,102.01,7.03
29.33,102.01,7.03
29.33,102.01,7.03
29.33,102.01,7.03
29.33,102.01,7.03
29.33,102.01,7.03
29.33,102.01,7.03
29.33,102.01,7.03
-2.1990001,192.354,-162.35701
29.33,102.01,7.03
29.33,102.01,7.03
29.33,102.01,7.03
29.33,102.01,7.03
29.33,102.01,7.03
29.33,102.01,7.03
29.33,102.01,7.03
29.33,102.01,7.03
29.33,102.01,7.03
29.33,102.01,7.03
29.33,102.01,7.03
29.33,102.01,7.03
29.33,102.01,7.03
29.33,102.01,7.03
29.33,102.01,7.03
29.33,102.01,7.03
29.33,102.01,7.03
29.33,102.01,7.03
44.0,123.86,-168.68
44.0,123.86,-168.68
44.0,123.86,-168.68
44.0,123.86,-168.68
44.0,123.86,-168.68
44.0,123.86,-168.68
44.0,123.86,-168.68
44.0,123.86,-168.68
44.0,123.86,-168.68
44.0,123.86,-168.68
44.0,123.86,-168.68
44.0,123.86,-168.68
44.0,123.86,-168.68
44.0,123.86,-168.68
44.0,123.86,-168.68
44.0,123.86,-168.68
44.0,123.86,-168.68
44.0,123.86,-168.68
44.0,123.86,-168.68
44.0,123.86,-168.68
44.0,123.86,-168.68
44.0,123.86,-168.68
44.0,123.86,-168.68
44.0,123.86,-168.68
44.0,123.86,-168.68
44.0,123.86,-168.68
44.0,123.86,-168.68
44.0,123.86,-168.68
44.0,123.86,-168.68
44.0,123.86,-168.68
44.0,123.86,-168.68
44.0,123.86,-168.68
44.0,123.86,-168.68
44.0,123.86,-168.68
44.0,123.86,-168.68
44.0,123.86,-168.68
44.0,123.86,-168.68
44.0,123.86,-168.68
44.0,123.86,-168.68
44.0,123.86,-168.68
44.0,123.86,-168.68
44.0,123.86,-168.68
44.0,123.86,-168.68
44.0,123.86,-168.68
-51.33,109.29,-253.02
-51.33,109.29,-253.02
-51.33,109.29,-253.02
-51.33,109.29,-253.02
-51.33,109.29,-253.02
-51.33,109.29,-253.02
-51.33,109.29,-253.02
-51.33,109.29,-253.02
-51.33,109.29,-253.02
-51.33,109.29,-253.02
-51.33,109.29,-253.02
-51.33,109.29,-253.02
-51.33,109.29,-253.02
-51.33,109.29,-253.02
-51.33,109.29,-253.02
-51.33,109.29,-253.02
-51.33,109.29,-253.02
-51.33,109.29,-253.02
-51.33,109.29,-253.02
-51.33,109.29,-253.02
-51.33,109.29,-253.02
-51.33,109.29,-253.02
-51.33,109.29,-253.02
-51.33,109.29,-253.02
-51.33,109.29,-253.02
-51.33,109.29,-253.02
-51.33,109.29,-253.02
-51.33,109.29,-253.02
-51.33,109.29,-253.02
-51.33,109.29,-253.02
-51.33,109.29,-253.02
-51.33,109.29,-253.02
-68.19601,24.045002,25.302
-51.33,109.29,-253.02
-51.33,109.29,-253.02
-161.32,123.86,-323.31
-161.32,123.86,-323.31
-161.32,123.86,-323.31
-161.32,123.86,-323.31
-161.32,123.86,-323.31
-161.32,123.86,-323.31
-161.32,123.86,-323.31
-161.32,123.86,-323.31
-161.32,123.86,-323.31
-161.32,123.86,-323.31
-161.32,123.86,-323.31
-161.32,123.86,-323.31
-161.32,123.86,-323.31
-161.32,123.86,-323.31
-161.32,123.86,-323.31
-161.32,123.86,-323.31
-161.32,123.86,-323.31
-161.32,123.86,-323.31
-161.32,123.86,-323.31
-161.32,123.86,-323.31
-161.32,123.86,-323.31
-161.32,123.86,-323.31
-161.32,123.86,-323.31
-161.32,123.86,-323.31
-161.32,123.86,-323.31
-161.32,123.86,-323.31
-161.32,123.86,-323.31
-161.32,123.86,-323.31
-161.32,123.86,-323.31
-161.32,123.86,-323.31
-161.32,123.86,-323.31
-161.32,123.86,-323.31
-161.32,123.86,-323.31
-161.32,123.86,-323.31
-161.32,123.86,-323.31
-161.32,123.86,-323.31
-161.32,123.86,-323.31
-161.32,123.86,-323.31
-161.32,123.86,-323.31
-161.32,123.86,-323.31
-161.32,123.86,-323.31
-161.32,123.86,-323.31
-161.32,123.86,-323.31
-161.32,123.86,-323.31
-161.32,123.86,-323.31
-161.32,123.86,-323.31
-219.99,138.44,-337.36
-219.99,138.44,-337.36
-219.99,138.44,-337.36
-219.99,138.44,-337.36
-219.99,138.44,-337.36
-219.99,138.44,-337.36
-219.99,138.44,-337.36
-219.99,138.44,-337.36
-219.99,138.44,-337.36
-219.99,138.44,-337.36
-219.99,138.44,-337.36
-219.99,138.44,-337.36
-219.99,138.44,-337.36
-219.99,138.44,-337.36
-219.99,138.44,-337.36
-219.99,138.44,-337.36
-219.99,138.44,-337.36
-219.99,138.44,-337.36
-219.99,138.44,-337.36
-219.99,138.44,-337.36
-219.99,138.44,-337.36
-219.99,138.44,-337.36
-219.99,138.44,-337.36
-219.99,138.44,-337.36
-219.99,138.44,-337.36
-219.99,138.44,-337.36
-219.99,138.44,-337.36
-219.99,138.44,-337.36
-219.99,138.44,-337.36
-219.99,138.44,-337.36
-219.99,138.44,-337.36
-219.99,138.44,-337.36
-219.99,138.44,-337.36
-219.99,138.44,-337.36
-219.99,138.44,-337.36
-219.99,138.44,-337.36
-219.99,138.44,-337.36
-219.99,138.44,-337.36
-219.99,138.44,-337.36
-219.99,138.44,-337.36
-219.99,138.44,-337.36
-234.65,131.15,-344.39
-234.65,131.15,-344.39
-234.65,131.15,-344.39
-234.65,131.15,-344.39
-234.65,131.15,-344.39
-234.65,131.15,-344.39
-234.65,131.15,-344.39
-234.65,131.15,-344.39
-234.65,131.15,-344.39
-234.65,131.15,-344.39
-234.65,131.15,-344.39
-234.65,131.15,-344.39
-234.65,131.15,-344.39
-234.65,131.15,-344.39
-234.65,131.15,-344.39
-234.65,131.15,-344.39
-234.65,131.15,-344.39
-234.65,131.15,-344.39
-234.65,131.15,-344.39
-234.65,131.15,-344.39
-234.65,131.15,-344.39
-234.65,131.15,-344.39
-234.65,131.15,-344.39
-234.65,131.15,-344.39
-234.65,131.15,-344.39
-234.65,131.15,-344.39
-234.65,131.15,-344.39
-234.65,131.15,-344.39
-234.65,131.15,-344.39
-234.65,131.15,-344.39
-234.65,131.15,-344.39
-234.65,131.15,-344.39
-234.65,131.15,-344.39
-234.65,131.15,-344.39
-234.65,131.15,-344.39
-234.65,131.15,-344.39
-234.65,131.15,-344.39
-234.65,131.15,-344.39
-234.65,131.15,-344.39
-234.65,131.15,-344.39
-234.65,131.15,-344.39
-234.65,131.15,-344.39
-234.65,131.15,-344.39
-234.65,131.15,-344.39
-234.65,131.15,-344.39
-263.99,109.29,-295.19
-263.99,109.29,-295.19
-263.99,109.29,-295.19
-263.99,109.29,-295.19
-263.99,109.29,-295.19
-263.99,109.29,-295.19
-263.99,109.29,-295.19
-263.99,109.29,-295.19
-263.99,109.29,-295.19
-263.99,109.29,-295.19
-263.99,109.29,-295.19
-263.99,109.29,-295.19
-263.99,109.29,-295.19
-263.99,109.29,-295.19
-263.99,109.29,-295.19
-263.99,109.29,-295.19
-263.99,109.29,-295.19
-263.99,109.29,-295.19
-263.99,109.29,-295.19
-263.99,109.29,-295.19
-263.99,109.29,-295.19
-263.99,109.29,-295.19
-263.99,109.29,-295.19
-263.99,109.29,-295.19
-263.99,109.29,-295.19
-263.99,109.29,-295.19
-263.99,109.29,-295.19
-263.99,109.29,-295.19
-263.99,109.29,-295.19
-263.99,109.29,-295.19
-263.99,109.29,-295.19
-263.99,109.29,-295.19
-263.99,109.29,-295.19
-263.99,109.29,-295.19
-263.99,109.29,-295.19
-263.99,109.29,-295.19
-263.99,109.29,-295.19
-263.99,109.29,-295.19
-263.99,109.29,-295.19
-263.99,109.29,-295.19
-263.99,109.29,-295.19
-263.99,109.29,-295.19
-263.99,109.29,-295.19
-263.99,109.29,-295.19
-263.99,109.29,-295.19
-271.32,80.15,-274.11
-271.32,80.15,-274.11
-271.32,80.15,-274.11
-271.32,80.15,-274.11
-271.32,80.15,-274.11
-271.32,80.15,-274.11
-271.32,80.15,-274.11
-271.32,80.15,-274.11
-271.32,80.15,-274.11
-271.32,80.15,-274.11
-271.32,80.15,-274.11
-271.32,80.15,-274.11
-271.32,80.15,-274.11
-271.32,80.15,-274.11
-271.32,80.15,-274.11
-271.32,80.15,-274.11
-271.32,80.15,-274.11
-271.32,80.15,-274.11
-271.32,80.15,-274.11
-271.32,80.15,-274.11
-271.32,80.15,-274.11
-271.32,80.15,-274.11
-271.32,80.15,-274.11
-271.32,80.15,-274.11
-271.32,80.15,-274.11
-271.32,80.15,-274.11
-271.32,80.15,-274.11
-271.32,80.15,-274.11
-271.32,80.15,-274.11
-271.32,80.15,-274.11
-271.32,80.15,-274.11
-271.32,80.15,-274.11
-271.32,80.15,-274.11
-271.32,80.15,-274.11
-271.32,80.15,-274.11
-271.32,80.15,-274.11
-271.32,80.15,-274.11
-271.32,80.15,-274.11
-271.32,80.15,-274.11
-271.32,80.15,-274.11
-307.98,87.43,-253.02
-307.98,87.43,-253.02
-307.98,87.43,-253.02
-307.98,87.43,-253.02
-307.98,87.43,-253.02
-307.98,87.43,-253.02
-307.98,87.43,-253.02
-307.98,87.43,-253.02
-307.98,87.43,-253.02
-307.98,87.43,-253.02
-307.98,87.43,-253.02
-307.98,87.43,-253.02
-307.98,87.43,-253.02
-307.98,87.43,-253.02
-307.98,87.43,-253.02
-307.98,87.43,-253.02
-307.98,87.43,-253.02
-307.98,87.43,-253.02
-307.98,87.43,-253.02
-307.98,87.43,-253.02
-307.98,87.43,-253.02
-307.98,87.43,-253.02
-307.98,87.43,-253.02
-307.98,87.43,-253.02
-307.98,87.43,-253.02
-307.98,87.43,-253.02
-307.98,87.43,-253.02
-307.98,87.43,-253.02
-307.98,87.43,-253.02
-307.98,87.43,-253.02
-307.98,87.43,-253.02
-307.98,87.43,-253.02
-307.98,87.43,-253.02
-307.98,87.43,-253.02
-307.98,87.43,-253.02
-307.98,87.43,-253.02
-307.98,87.43,-253.02
-307.98,87.43,-253.02
-307.98,87.43,-253.02
-307.98,87.43,-253.02
-307.98,87.43,-253.02
-307.98,87.43,-253.02
-329.98,80.15,-189.77
-329.98,80.15,-189.77
-329.98,80.15,-189.77
-329.98,80.15,-189.77
-329.98,80.15,-189.77
-329.98,80.15,-189.77
-329.98,80.15,-189.77
-329.98,80.15,-189.77
-329.98,80.15,-189.77
-329.98,80.15,-189.77
-329.98,80.15,-189.77
-329.98,80.15,-189.77
-329.98,80.15,-189.77
-329.98,80.15,-189.77
-329.98,80.15,-189.77
-329.98,80.15,-189.77
-329.98,80.15,-189.77
-329.98,80.15,-189.77
-329.98,80.15,-189.77
-329.98,80.15,-189.77
-329.98,80.15,-189.77
-329.98,80.15,-189.77
-329.98,80.15,-189.77
-329.98,80.15,-189.77
-329.98,80.15,-189.77
-329.98,80.15,-189.77
-329.98,80.15,-189.77
-329.98,80.15,-189.77
-329.98,80.15,-189.77
-329.98,80.15,-189.77
-329.98,80.15,-189.77
-329.98,80.15,-189.77
-329.98,80.15,-189.77
-329.98,80.15,-189.77
-329.98,80.15,-189.77
-329.98,80.15,-189.77
-329.98,80.15,-189.77
-329.98,80.15,-189.77
-329.98,80.15,-189.77
-329.98,80.15,-189.77
-329.98,80.15,-189.77
-329.98,80.15,-189.77
-329.98,80.15,-189.77
-329.98,80.15,-189.77
-329.98,80.15,-189.77
-329.98,80.15,-189.77
-351.98,65.57,-49.2
-351.98,65.57,-49.2
-351.98,65.57,-49.2
-351.98,65.57,-49.2
-351.98,65.57,-49.2
-351.98,65.57,-49.2
-351.98,65.57,-49.2
-351.98,65.57,-49.2
-351.98,65.57,-49.2
-351.98,65.57,-49.2
-351.98,65.57,-49.2
-351.98,65.57,-49.2
-351.98,65.57,-49.2
-351.98,65.57,-49.2
-351.98,65.57,-49.2
-351.98,65.57,-49.2
-351.98,65.57,-49.2
-351.98,65.57,-49.2
-351.98,65.57,-49.2
-351.98,65.57,-49.2
-351.98,65.57,-49.2
-351.98,65.57,-49.2
-351.98,65.57,-49.2
-351.98,65.57,-49.2
-351.98,65.57,-49.2
-351.98,65.57,-49.2
-351.98,65.57,-49.2
-351.98,65.57,-49.2
-351.98,65.57,-49.2
-351.98,65.57,-49.2
-351.98,65.57,-49.2
-351.98,65.57,-49.2
-351.98,65.57,-49.2
-351.98,65.57,-49.2
-351.98,65.57,-49.2
-351.98,65.57,-49.2
-351.98,65.57,-49.2
-351.98,65.57,-49.2
-351.98,65.57,-49.2
-351.98,65.57,-49.2
-351.98,65.57,-49.2
-351.98,65.57,-49.2
-351.98,65.57,-49.2
-351.98,65.57,-49.2
-351.98,65.57,-49.2
-351.98,65.57,-49.2
-351.98,65.57,-49.2
-351.98,65.57,-49.2
-351.98,65.57,-49.2
-351.98,65.57,-49.2
-351.98,65.57,-49.2
-351.98,65.57,-49.2
-263.99,72.86,77.31
-263.99,72.86,77.31
-263.99,72.86,77.31
-263.99,72.86,77.31
-263.99,72.86,77.31
-263.99,72.86,77.31
-263.99,72.86,77.31
-263.99,72.86,77.31
-263.99,72.86,77.31
-263.99,72.86,77.31
-263.99,72.86,77.31
-263.99,72.86,77.31
-263.99,72.86,77.31
-263.99,72.86,77.31
-263.99,72.86,77.31
-263.99,72.86,77.31
-263.99,72.86,77.31
-263.99,72.86,77.31
-263.99,72.86,77.31
-263.99,72.86,77.31
-263.99,72.86,77.31
-263.99,72.86,77.31
-263.99,72.86,77.31
-263.99,72.86,77.31
-263.99,72.86,77.31
-263.99,72.86,77.31
-263.99,72.86,77.31
-263.99,72.86,77.31
-263.99,72.86,77.31
-263.99,72.86,77.31
-263.99,72.86,77.31
-263.99,72.86,77.31
-263.99,72.86,77.31
-263.99,72.86,77.31
-263.99,72.86,77.31
-263.99,72.86,77.31
-263.99,72.86,77.31
-263.99,72.86,77.31
-263.99,72.86,77.31
-263.99,72.86,77.31
-263.99,72.86,77.31
-117.33,102.01,112.45
-117.33,102.01,112.45
-117.33,102.01,112.45
-117.33,102.01,112.45
-117.33,102.01,112.45
-117.33,102.01,112.45
-117.33,102.01,112.45
-117.33,102.01,112.45
-117.33,102.01,112.45
-117.33,102.01,112.45
-117.33,102.01,112.45
-117.33,102.01,112.45
-117.33,102.01,112.45
-117.33,102.01,112.45
-117.33,102.01,112.45
-117.33,102.01,112.45
-117.33,102.01,112.45
-117.33,102.01,112.45
-117.33,102.01,112.45
-117.33,102.01,112.45
-117.33,102.01,112.45
-117.33,102.01,112.45
-117.33,102.01,112.45
-117.33,102.01,112.45
-117.33,102.01,112.45
-117.33,102.01,112.45
-117.33,102.01,112.45
-117.33,102.01,112.45
-117.33,102.01,112.45
-117.33,102.01,112.45
-117.33,102.01,112.45
-117.33,102.01,112.45
-117.33,102.01,112.45
-117.33,102.01,112.45
-117.33,102.01,112.45
-117.33,102.01,112.45
-117.33,102.01,112.45
